Name,Matched with,Number of avaiable Matches
XDMtvTPXiykztZa,,1
ffkRZnenhuZWaSv,,1
HsWtPWUafWropkm,,1
pnnmCkzrhXKGSgr,,1
sZrsOjxYwwmcmzX,,1
noIDMjlAqudzXYJ,,1
qtRHdYuyYBhimCv,,1
vcTbidApDnwBcZs,,1
vUkFGkZZyDxbCGM,,1
YZbBFpRBhNpairv,,1
EUFUsLKnZyxnoXL,,1
VloSOAOaUuZSvWh,,1
AZTslRTznVsUHFy,,1
XslfOdSiqAqcTSU,,1
ZIdmbiJFciGSutc,,1
EDJFrxgNidJtUYK,,1
YXbiXaplunFGjca,,1
iTVJrMpdyddkVNg,,1
hkvZMjQTCUsIlsF,,1
lnfHcAYDLfxUKxP,,1
RYKluYfONVLoQFy,,1
BcVOnksuvuHZghX,,1
xJSGBSXQoOkoUhK,,1
ZjqsKPCgTeLWZfs,,1
fTFqvuXxARYrGnW,,1
FdhtgXrpKxjTrik,,1
yoDlObyQTXIlVxX,,1
MzexADGPErmqhOg,,1
LxYSAQuuknQjUBT,,1
oFgKgEMwPHPoGDC,,1
ajfMGcYrCVwptRy,,1
JxdWflnlHiIpoio,,1
zaeTDUZPcxMkDWd,,1
RpXtAmyaFtTXIPq,,1
jSzwvQmCkcmKyrH,,1
eLlGDUJlzfshdmn,,1
fVBEbdtlJCbUtaH,,1
suHkjucmtlNKCCm,,1
qwTNJyapPQwDKjW,,1
UOZlvwSxnfmJnsy,,1
rzXJOLDHEqVNhYL,,1
APbqNACzrVqpEhU,,1
LMOGiQLgeOnoJWU,,1
MGerpjaDyFhCtEE,,1
POfxFkpCNQWBJvy,,1
KgDmGhQMDJrIQYN,,1
ZHWWnYQtuTWuRRN,,1
mtZodrcFIRkRFkx,,1
nUabTnqgeBBrJQq,,1
hIForpsmZoMcfiB,,1
ZSfHrEtCzSrIPvh,,1
aEREmjFkWsJsGBv,,1
KGonMjOPdbcAhSB,,1
PLkwmlFqFkAwFNF,,1
IfNZiuYsFmKxiIU,,1
bYjLgNHKKyBcZPR,,1
kuKPAdOqfRIzBrQ,,1
fiCfZrTYIdHJGIY,,1
EtCvKFDDlyGBZzt,,1
vOCOkJuivRHjQgR,,1
eOaJroPCaDWOrsF,,1
ENcJsWDonKuhVyw,,1
bNRIiznKcMiNTJF,,1
TpgYAkIrSyEtKJt,,1
XWgsbUXAxmqffEn,,1
dYIPKbooMzrTzNw,,1
AQLUJkqUgKXaZVD,,1
TMtFrhuhPdIbjEi,,1
GnxppdCShNSCyMQ,,1
YzCdddetNyitWkx,,1
YofbEhCunstMLHP,,1
FbVVHaiNXNLxeAU,,1
HPPxUMjRMAJitpY,,1
cgWEdsBrffGPKAg,,1
IcYGVAaqmgphgcW,,1
MtZtgQFHuDdLlTS,,1
KaTeacFyMXNLgmh,,1
RGdmIiXyXgltWKu,,1
UQCFRTQotjyVXqa,,1
OgvPGxmPygBxPZG,,1
