hDZVqsHKisoJUiQ,,1
PWGJSEQbOqrDyNB,,1
WEdjcKqfHblTrYJ,,1
cAVqsKsOwQmzqHs,,1
SZcTZXSWcPOvVnl,,1
smHLiFbEclgwyRE,,1
RQYbLZOadSYFUSW,,1
QWgAZrEXmjurpuz,,1
KWGtedaTWYFyoLq,,1
SxmeCpApSCmthDL,,1
pPwOELmLQhgWbua,,1
sFZcDLoGlVvEqMg,,1
QwCHJgjLesAkSuz,,1
qhqbxEjILgJLYRn,,1
DcisVRQMcffNvBu,,1
pIHJkChCdborDom,,1
FaJvnuaahIKjugD,,1
TmyKzNDHbYUSPxb,,1
jvXUNrIAIltWZss,,1
fhMjHSaxzODsRlV,,1
sppsztyIGpynAra,,1
xhcogpdOoCaQDmS,,1
uaBHQedGTiNNLcS,,1
NVesfWpWaPGYkWW,,1
tNVtJkfGchKHaHl,,1
pQGUwDdzIsGWuzQ,,1
uEsRSZcTcIRTdxA,,1
coDjHAJOnjCsCQO,,1
JUBMmfgrpuTKowW,,1
uuwMvvXkBZHLzqS,,1
